,,Deparment-Specific Competences,,,,,,,,,,,,,,,Program-Specific Criteria,,,,,,,,,,,,,,,,,,,,,,
,,,,,,,,,,,,,,,,,,,,,,,,,,,,,,,,,,,,,,,
"3) To gain skill in professional, formal writing.",Department outcome ,1) Apply problem solving strategies to software development,2) Interface with business and analytical professionals to solve software or systems development problems,3) Comprehend ethical decisions and their ramifications as professionals.,"4) Demonstrate effective verbal, written, and listening communication skills as required for professional, group, and team interactions",,,,,5) Demonstrate the ability to continue in professional development and expansion of their professional interests,6) Maintain a comprehension of the changing technology and its ramifications,,CS1) Design and build software,,CS2)  Design and analyze algorithms for correctness and complexity,,CS3) Apply discrete matehmatics and abstract structures to solve computational problems,CS4) Understand the interface between computer architecture and software applications,CS5) Apply quanitative mesures to the evaluation of computational nodes (units),IS1) Realize and manage systems lifecycle processes,,,,IS2) Integrate information systems technology to address business needs,IS3) Comprehend organizational and business structures and processes,,IS4) Apply quanitative mesures to assess the efficiency and effectiveness of information systems,SE1) Realize and manage high quality sw development lifecycle processes in one or more application domains,,,,,,SE2) Apply discrete mathematics and abstract structures to system development,SE3) Apply quanitative measures in the evaluation of software components and systems,Required of,,,
Course ID,Sub-Outcomes,Problem Solving,Interface,Ethics,Verbal,Written,Listening,Professional,group/team,Lifetime Learning,Technology,Ramifications,Design,Build,Design Alg.,Analyze Alg.,Abstract Structures,Architecture & Interfaces,Quantitative Measures,Analyze,Design,Build,Manage,Integrate IS technology,Structures,Processes,Quantitative Measures,Requirements,Design,Build,Test,Manage,Domain,Abstract Structures,Quantitative Measures,Required of,,,
CIS 2012-13,,#REF!,#REF!,#REF!,#REF!,9,5,10,7,#REF!,#REF!,15,#REF!,13,#REF!,4,#REF!,#REF!,#REF!,#REF!,14,13,5,#REF!,#REF!,4,#REF!,#REF!,13,16,9,7,3,#REF!,#REF!,"SE, IS, CS",,,
CIS_103_01,CIS: 3  CS: 0  MIS: 0  SE: 0,,,,1,,,,,1,1,,,,,,,,,,,,,,,,,,,,,,,,,Bus,,,
Freshmen Year Seminar:  Tech Think,1) Analyze what they learned from one or more service learning experiences.,,,,,,,,,,,,,,,,,,,,,,,,,,,,,,,,,,,Bus,,,
,2) Reflect on the connection between the dignity of the human person and the dignity of work as elements of Catholic Social teaching and in their own lives.  ,,,,,,,,,,,,,,,,,,,,,,,,,,,,,,,,,,,,,,
,"3) Reflect on the spiritual dimension of LIFECORE, including related activities and presentations.  ",,,,,,,,,,,,,,,,,,,,,,,,,,,,,,,,,,,,,,
,"4) Demonstrate effective electronic communication and collaboration skills, including the ethical use of computing software and Internet technologies.",,,,,,,,,,x,,,,,,,,,,,,,,,,,,,,,,,,,,,,
,"5) Evaluate personal study habits and develop goals to improve those habits, including keeping abreast of current events.",,,,,,,,,x,,,,,,,,,,,,,,,,,,,,,,,,,,,,,
,6) Reflect critical reading and thinking in written and oral communications,,,,x,x,,,,,,,,,,,,,,,,,,,,,,,,,,,,,,Bus,,,
CIS_150_01,CIS: 0  CS: 0  MIS: 0  SE: 0,,,,,,,,,,,,,,,,,,,,,,,,,,,,,,,,,,,Bus,,,
Business Technology 1,1) Create and enhance word processing documents using Microsoft Word,,,,,,,,,,,,,,,,,,,,,,,,,,,,,,,,,,,Bus,,,
,2) Create spreadsheets and graphs using Microsoft Excel,,,,,,,,,,,,,,,,,,,,,,,,,,,,,,,,,,,Bus,,,
,3) Create a basic database including forms and reports using Microsoft Access,,,,,,,,,,,,,,,,,,,,,,,,,,,,,,,,,,,Bus,,,
,"4) Create on-screen presentations using Microsoft PowerPoint features including transitions, builds, graphics and charts",,,,,,,,,,,,,,,,,,,,,,,,,,,,,,,,,,,Bus,,,
CIS_173_01,CIS: 2  CS: 0  MIS: 0  SE: 0,,,,,,,,,,1,,,1,,,,,,,,1,,,,,,,,1,,,,,,"SE, IS, CS",,,
Database,1) Identify the value of a database,,,,,,,,,,x,,,x,,,,,,,,x,,,,,,,,x,,,,,,"SE, IS, CS",,,
,"2) List the roles of tables, queries, forms, and reports to a database",,,,,,,,,,x,,,x,,,,,,,,x,,,,,,,,x,,,,,,"SE, IS, CS",,,
,3) Demonstrate manipulation of tables and queries indicating a basic knowledge of their interations,,,,,,,,,,x,,,x,,,,,,,,x,,,,,,,,x,,,,,,"SE, IS, CS",,,
CIS_190_01,CIS: 4  CS: 0  MIS: 0  SE: 0,1,,,,,,,,,,,1,1,1,,,,,,1,1,,,,,,,1,1,,,,,,"SE, IS, CS",,,
Principle of Computing,1) Understand data representation and its relationship to computer architecture,x,,,,,,,,,,,,,,,,,,,,,,,,,,,,,,,,,,"SE, IS, CS",,,
,2) Understand and apply the concepts of accuracy and precision ,x,,,,,,,,,,,,,,,,,,,,,,,,,,,,,,,,,,"SE, IS, CS",,,
,3) Develop algorithms to solve basic computing problems,x,,,,,,,,,,,x,x,x,,,,,,x,x,,,,,,,x,x,,,,,,"SE, IS, CS",,,
,4) Develop the algorithmic thought process required for computer programming,x,,,,,,,,,,,x,x,x,,,,,,x,x,,,,,,,x,x,,,,,,"SE, IS, CS",,,
CIS_195_01,CIS: 3  CS: 0  MIS: 2  SE: 2,,,1,,,,,,,1,1,,,,,,,,,,,,1,,,1,,,,,,,,,"SE, IS, CS",,,
Prin of Systems,1) Describe different types of information systems and their concepts,,,,,,,,,,x,,,,,,,,,,,,,x,,,x,,,,,,,,,"SE, IS, CS",,,
,2) Explain the role and value of information systems to organizations,,,x,,,,,,,,x,,,,,,,,,,,,x,,,,,,,,,,,,"SE, IS, CS",,,
CIS_207_1E,CIS: 2  CS: 0  MIS: 1  SE: 1,1,,,,,,,,,1,,,,,,,,,,1,1,,1,,,,,,,,,,,,IS,,,
Intro COBOL Programg,1) Understand the basic structure of COBOL,x,,,,,,,,,x,,,,,,,,,,x,x,,x,,,,,,,,,,,,IS,,,
,2) Understand the logic flow of problem solving,x,,,,,,,,,x,,,,,,,,,,x,x,,x,,,,,,,,,,,,IS,,,
,3) Construct COBOL programs that solve problems,x,,,,,,,,,x,,,,,,,,,,x,x,,x,,,,,,,,,,,,IS,,,
,4) Test/inspect program results for correctness and readability of output,x,,,,,,,,,x,,,,,,,,,,x,x,,x,,,,,,,,,,,,IS,,,
CIS_214_01,CIS: 4  CS: 0  MIS: 0  SE: 0,1,,,,,,,,,1,,1,1,,,,,,,1,1,,,,,,,1,1,1,,,,,"SE, IS, CS",,,
Intro Programming,1) Decompose problems into modular code.,x,,,,,,,,,,,x,x,,,,,,,x,x,,,,,,,x,x,,,,,,"SE, IS, CS",,,
,2) Demonstrate knowledge and use of the software development environment.,,,,,,,,,,x,,,,,,,,,,,,,,,,,,,,,,,,,"SE, IS, CS",,,
,3) Develop solutions to problems using pseudocode and flowcharts.,x,,,,,,,,,,,x,,,,,,,,x,,,,,,,,x,,,,,,,"SE, IS, CS",,,
,"4) Translate problems into working, well-designed, structured C++ code.",,,,,,,,,,,,x,x,,,,,,,x,x,,,,,,,x,x,x,,,,,"SE, IS, CS",,,
,"5) Use C++ data types, control options, and reference variables correctly.",,,,,,,,,,x,,x,x,,,,,,,x,x,,,,,,,x,x,,,,,,"SE, IS, CS",,,
CIS_215_01,CIS: 0  CS: 0  MIS: 0  SE: 0,#REF!,#REF!,#REF!,#REF!,,,,,#REF!,#REF!,,#REF!,,#REF!,,#REF!,#REF!,#REF!,#REF!,,,,#REF!,#REF!,,#REF!,#REF!,,,,,,#REF!,#REF!,"SE, IS, CS",,,
Intro Programming Lab,1) Decompose problems into modular code.,x,,,,,,,,,,,x,x,,,,,,,x,x,,,,,,,x,x,,,,,,"SE, IS, CS",,,
,2) Demonstrate knowledge and use of the software development environment.,,,,,,,,,,x,,,,,,,,,,,,,,,,,,,,,,,,,"SE, IS, CS",,,
,3) Develop solutions to problems using pseudocode and flowcharts.,x,,,,,,,,,,,x,,,,,,,,x,,,,,,,,x,,,,,,,"SE, IS, CS",,,
,"4) Translate problems into working, well-designed, structured C++ code.",,,,,,,,,,,,x,x,,,,,,,x,x,,,,,,,x,x,x,,,,,"SE, IS, CS",,,
,"5) Use C++ data types, control options, and reference variables correctly.",,,,,,,,,,x,,x,x,,,,,,,x,x,,,,,,,x,x,,,,,,"SE, IS, CS",,,
CIS_216_01,CIS: 4  CS: 1  MIS: 0  SE: 0,1,,,,,,,,,1,,1,1,,,1,,,,1,1,,,,,,,1,1,1,,,1,,"SE, IS, CS",,,
Prblm-Solv With OOP,1) Understand and apply the design and implementation of Classes in C++.,x,,,,,,,,,,,x,x,,,x,,,,x,x,,,,,,,x,x,,,,x,,"SE, IS, CS",,,
,2) Understand and apply the fundamentals of Object Oriented Programming.,x,,,,,,,,,x,,x,x,,,,,,,x,x,,,,,,,x,x,x,,,,,"SE, IS, CS",,,
,3) Understand and apply the use of indirection in programming,x,,,,,,,,,,,x,x,,,,,,,x,x,,,,,,,x,x,,,,,,"SE, IS, CS",,,
CIS_217_01,CIS: 2  CS: 0  MIS: 0  SE: 0,1,,,,,,,,,1,,,,,,,,,,,,,,,,,,,,,,,,,"SE, IS, CS",,,
Using UNIX,1) Understand the basics and history of UNIX,x,,,,,,,,,x,,,,,,,,,,,,,,,,,,,,,,,,,"SE, IS, CS",,,
CIS_218_01,CIS: 3  CS: 1  MIS: 0  SE: 0,1,,,,,,,,,1,,,1,,,,1,,,,1,,,,,,,,1,,,,,,"CS, IS",,,
UNIX Shell Programming,1) Program and run shell scripts,x,,,,,,,,,x,,,x,,,,x,,,,x,,,,,,,,x,,,,,,"CS, IS",,,
CIS_220_01,CIS: 3  CS: 2  MIS: 0  SE: 0,1,,,,,,,,,1,,1,,,,1,,1,,,,,,,,,,,,,,,1,1,"SE, CS",,,
Data Strct Algrt Dsg,"1) Apply basic data structures such as arrays, linked list, stacks, queues, and trees.",x,,,,,,,,,x,,x,x,,,x,,,,,,,,,,,,x,x,,,,x,,"SE, CS",,,
,2) Measure time and space complexity of different algorithms using Big-O notation.,,,,,,,,,,x,,,,,x,,,x,,,,,,,,,,,,,,,,x,"SE, CS",,,
,3) Implement sorting and searching algorithms.,x,,,,,,,,,x,,x,x,,x,,,x,,,,,,,,,,x,x,,,,,x,"SE, CS",,,
CIS_240_1E,CIS: 2  CS: 0  MIS: 0  SE: 0,,1,,,,,,,,1,,,,,,,,,,1,1,,,,,,,,,,,,,,IS,,,
Web Mgt Design,Design and author websites,,x,,,,,,,,x,,,,,,,,,,x,x,,,,,,,,,,,,,,IS,,,
CIS_250_1E,CIS: 0  CS: 0  MIS: 0  SE: 0,,,,,,,,,,,,,,,,,,,,,,,,,,,,,,,,,,,Bus,,,
Business Technolgy 2,"1) Students will be able to integrate Microsoft Office products including Excel, Word, Acess, and Exchange",,,,,,,,,,,,,,,,,,,,,,,,,,,,,,,,,,,Bus,,,
,2) Students will be able to Create a template to use as a form ? Insert fields in a form ? Work with form field options ? Protect and save a form ? Use a form ? Edit a form ? Insert a table in a form,,,,,,,,,,,,,,,,,,,,,,,,,,,,,,,,,,,Bus,,,
,3) Students will be able to use MS Word Mail Merge including data from Excel and Access,,,,,,,,,,,,,,,,,,,,,,,,,,,,,,,,,,,Bus,,,
,4) Students will be able to create MS Excel Spreadsheets using advanced functions,,,,,,,,,,,,,,,,,,,,,,,,,,,,,,,,,,,Bus,,,
,5) Students will be able to create HTML documents with both Microsoft Word and Microsoft Excel,,,,,,,,,,,,,,,,,,,,,,,,,,,,,,,,,,,Bus,,,
,6) Students will be able to create MS Excel Spreadsheets using nested functions with mutiple sheets,,,,,,,,,,,,,,,,,,,,,,,,,,,,,,,,,,,Bus,,,
CIS_255,CIS: 6  CS: 2  MIS: 3  SE: 3,1,1,,,,,,,,1,1,1,1,,,1,,,1,1,1,,1,1,1,,1,1,1,,,1,1,,"SE, IS, CS",,,
Database Management,1) Describe DB Concepts and models,,,,,,,,,,x,x,,,,,x,,,,,,,,,,,,,,,,,x,,"SE, IS, CS",,,
,2) construct a relational DB and program its application,x,x,,,,,,,,x,,x,x,,,,,,x,x,x,,,,,,x,x,x,,,,,,"SE, IS, CS",,,
,3) Identify and model the data needs of an organization,x,,,,,,,,,x,,,,,,,,,x,,,,x,x,x,,x,,,,,x,,,"SE, IS, CS",,,
,4) Build and execute queries,x,,,,,,,,,x,,,,,,,,,x,,,,,,,,,,,,,,,,"SE, IS, CS",,,
CIS_270_1E,CIS: 2  CS: 1  MIS: 0  SE: 0,1,,,,,,,,,1,,,,,,,,,1,,,,,,,,,,,,,,,,IS,,,
Info Tech & Oper,"1) Identify the hardware components of a personal computer, and possible pc upgrades",,,,,,,,,,x,,,,,,,,,,,,,,,,,,,,,,,,,IS,,,
,2) Recognize the differences and similarities between operating systems,,,,,,,,,,x,,,,,,,,,,,,,,,,,,,,,,,,,IS,,,
,3) Manage systems and associated devices through standard maintenance procedures to help solve system errors.,x,,,,,,,,,x,,,,,,,,,x,,,,,,,,,,,,,,,,IS,,,
CIS_286_1E,CIS: 3  CS: 0  MIS: 0  SE: 0,1,,,,,,,,,1,,1,,,,,,,,,,,,,,,,,,,,,,,"SE, CS",,,
Adv Obj-Oriented Tech,"1) Understand the differences between a Java application and a Java applet, and demonstrate the ability to program both.",x,,,,,,,,,x,,x,x,,,,,,,,,,,,,,,x,x,,,,,,"SE, CS",,,
,2) Understand and apply OOD principles and OOP concepts to develop Java programs.,x,,,,,,,,,x,,x,x,,,,,,,,,,,,,,,x,x,,,,,,"SE, CS",,,
,3) Develop multi-tier Java application,x,,,,,,,,,x,,x,x,,,,,,,,,,,,,,,x,x,,,,,,"SE, CS",,,
CIS_290_1E,CIS: 2  CS: 1  MIS: 0  SE: 0,,,,,,,,,,1,1,,,,,,1,,,,,,,,,,,,,,,,,,"SE, IS, CS",,,
Intro to Networks,"Understand basic networking concepts, terminology and standards",,,,,,,,,,x,,,,,,,x,,,,,,,,,,,,,,,,,,"SE, IS, CS",,,
,"Understand basic network components, architectures and design techniques",,,,,,,,,,x,,,,,,,x,,,,,,,,,,,,,,,,,,"SE, IS, CS",,,
,Understand the basic issues of network security and administration,,,,,,,,,,x,x,,,,,,,,,,,,,,,,,,,,,,,,"SE, IS, CS",,,
CIS_302,CIS: 6  CS: 0  MIS: 0  SE: 0,,,,1,,,1,1,1,1,1,,,,,,,,,,,,,,,,,,,,,,,,"SE, IS, CS",,,
Professional Seminar,"1) Identify current issues facing computing  and engineering professionals in fields such as bioinformatics, computer science, information systems and software engineering.",,,,,,,,,x,x,x,,,,,,,,,,,,,,,,,,,,,,,,"SE, IS, CS",,,
,2) Deliver effective technical and impromptu presentations.,,,,x,,,x,,,,,,,,,,,,,,,,,,,,,,,,,,,,,,,
,"3) Describe personal and technical skills expected for employment in various fields of computing such as bioinformatics, computer science, information systems and software engineering.",,,,,,,x,x,x,,,,,,,,,,,,,,,,,,,,,,,,,,,,,
CIS_303_01,CIS: 2  CS: 0  MIS: 0  SE: 0,,,1,,,,,,1,,,,,,,,,,,,,,,,,,,,,,,,,,Bus,,,
Leadership Seminar,1) Describe the role of ethical leadership in the effective development of technical systems and in the participation of computing professionals in organizations,,,x,,,,x,x,,,,,,,,,,,,,,,,,,,,,,,,,,,Bus,,,
,"2) Identify current issues facing computing professionals in fields such as bioinformatics, computer science, information systems and software engineering",,,,,,,,,x,,x,,,,,,,,,,,,,,,,,,,,,,,,Bus,,,
CIS_305_1E,CIS: 2  CS: 0  MIS: 1  SE: 1,1,,,,,,,,,1,,,,,,,,,,,,,1,,,,,,,,,,,,"CS, IS",,,
Essentials of UNIX Adm,1) Understand basic system administration for UNIX systems,x,,,,,,,,,x,,,,,,,,,,,,,x,,,,,,,,,,,,"CS, IS",,,
CIS_310_01,CIS: 7  CS: 0  MIS: 0  SE: 0,1,,,,1,,1,,,1,1,1,1,,1,,,,,,,,,,,,1,1,1,1,,,1,1,"SE, CS",,,
Software Dsgn & Test,1) Develop a suitable object-oriented design based on requirements,x,,,,x,,x,,,x,x,x,x,,x,,,,,,,,,,,,x,x,x,,,,x,,"SE, CS",,,
,2) Develop and apply appropriate tests for object-oriented software designs,,,,,x,,x,,,x,,,,,,,,,,,,,,,,,,,,x,,,,,"SE, CS",,,
,3) Appreciate the need for designing and testing in effective software development,,,,,,,,,,x,x,,,,,,,,,,,,,,,,,,,,,,,x,"SE, CS",,,
CIS_315,CIS: 11  CS: 1  MIS: 0  SE: 0,1,1,,1,1,1,1,1,1,1,,1,1,,,1,,,,,,,,,,,1,1,1,1,1,,1,1,"SE, CS",,,
Software Engineering,1) Understand various software process models,,,,,,,,,x,x,,,,,,,,,,,,,,,,,,,,,x,,,,"SE, CS",,,
,2) Compile standard documentation for software development,x,x,,x,x,x,x,x,,x,,x,x,,,x,,,,,,,,,,,x,x,x,x,x,,x,x,"SE, CS",,,
,3) Implement software systems based on documentation,x,,,,,,,,,x,,x,x,,,x,,,,,,,,,,,x,x,x,x,x,,x,x,"SE, CS",,,
CIS_317_1E,CIS: 2  CS: 0  MIS: 0  SE: 0,1,,,,,,,,,1,,,,,,,,,,,,,,,,,1,1,1,1,1,,1,1,SE,,,
Personal Sftw Proc,1) Understand quality issues in the software development lifecycle and relate them to the current standards for process improvement,x,,,,,,,,,x,,,,,,,,,,,,,,,,,x,x,x,x,x,,,,SE,,,
,2) Understand the theory of software metrics and use software measurement in practice,,,,,,,,,,x,,,,,,,,,,,,,,,,,,,,x,,,x,x,,,,
,3) Identify appropriate strategies for software testing and validation and implement them,x,,,,,,,,,x,,,,,,,,,,,,,,,,,,,,x,x,,,,,,,
CIS_318,CIS: 2  CS: 0  MIS: 0  SE: 0,1,,,,,,,,,1,,,,,,,,,,,,,,,,,1,1,1,,1,,1,1,SE,,,
Software Architecture,1) Understand structures and characteristics of major software architectures,,,,,,,,,,x,,,,,,,,,,,,,,,,,,x,,,,,,,SE,,,
,2) Recognize major architectural styles in existing software,,,,,,,,,,,,,,,,,,,,,,,,,,,,x,,,,,x,,SE,,,
,3) Apply architectural principles to software development,x,,,,,,,,,,,,,,,,,,,,,,,,,,,x,x,,,,x,,,,,
,4) Understand how software architectures help achieve software quality assurance,,,,,,,,,,,,,,,,,,,,,,,,,,,x,x,,,x,,,x,,,,
CIS_330,CIS: 2  CS: 3  MIS: 0  SE: 0,,,,,,,,,,1,,1,,,1,1,1,1,,,,,,,,,,,1,,,,1,1,"CS,SE",,,
Operating Systems,1) Understand basic concepts of operating systems,,,,,,,,,,x,,x,,,x,x,x,,,,,,,,,,,,x,,,,x,,"CS,SE",,,
,2) Implement basic concepts of operating systems,,,,,,,,,,x,,x,,,x,x,x,x,,,,,,,,,,,x,,,,x,x,"CS,SE",,,
CIS_320,CIS: 4  CS: 2  MIS: 0  SE: 0,1,,,,,,,,,,,1,1,1,1,1,,1,,,,,,,,,,,,,,,,,CS,,,
Design and Analysis of Algorithms,1) Understand various methods for analyzing the complexity of algorithms,,,,,,,,,,,,,,,x,x,,x,,,,,,,,,,,,,,,,,CS,,,
,"2) Implement, measure, and compare fundamental algorithms",x,,,,,,,,,,,x,x,,x,,,x,,,,,,,,,,,,,,,,,CS,,,
,3) Compare the empirical performance of an algorithm to its expected behavior,,,,,,,,,,,,,,,x,,,x,,,,,,,,,,,,,,,,,,,,
,4) Identify and employ suitable algorithms for a given application,x,,,,,,,,,,,x,x,x,x,,,,,,,,,,,,,,,,,,,,CS,,,
CIS_326,CIS: 0  CS: 0  MIS: 0  SE: 0,,,,,,,,,,,,,,,,,,,,,,,,,,,1,,,,,,1,,SE,,,
Formal Methods in Software Development,1) Understand predicate logic specifications.,,,,,,,,,,,,,,,,,,,,,,,,,,,,,,,,,x,,SE,,,
,"2) Apply formal techniques to requirement formulation, verification, and the creation of documentation.",,,,,,,,,,,,,,,,,,,,,,,,,,,x,,,,,,x,,SE,,,
CIS_335_01,CIS: 7  CS: 1  MIS: 3  SE: 3,1,,,1,1,1,1,1,,1,,,,,,,,,1,1,,1,1,1,1,,,,,,,,,,IS,,,
Sys Analysis Design ,"1) Model systems at the enterprise, process, logica, data and techonlgy levels of abstraction",x,,,,,,,,,x,,,,,,,,,x,x,,,x,x,x,,,,,,,,,,IS,,,
,"2) Define style, layout, format, and/or presentation modes for system components",x,,,,,,,,,,,,,,,,,,x,x,,,,x,x,,,,,,,,,,IS,,,
,3) Function constructively within team processes ,,,,x,x,x,x,x,,,,,,,,,,,,,,x,,,,,,,,,,,,,,,,
,4) Represent project process for control and communication,,,,x,x,x,x,x,,,,,,,,,,,,,,x,,x,x,,,,,,,,,,,,,
,5) Defend model and design decisions,,,,x,x,,x,,,,,,,,,,,,,,,,,,,,,,,,,,,,IS,,,
CIS_337,CIS: 7  CS: 1  MIS: 4  SE: 4,1,1,,,1,,1,1,,1,1,,,,,,,,1,1,1,1,1,1,1,1,,,,,,,,,IS,,,
IS Architectures and Deployment,(1)     Design system integrations option for implementation,x,x,,,x,,x,x,,x,x,,,,,,,,x,x,,,x,,,,,,,,,,,,IS,,,
,(2)     Perform feasibility analysis to recommend design and implementation strategy,,,,,x,,x,x,,,,,,,,,,,x,x,x,,x,x,x,x,,,,,,,,,IS,,,
,(3)     Model and design of physical layer of file and database components,,,,,,,,,,x,x,,,,,,,,,x,x,,x,,,,,,,,,,,,IS,,,
,"(4)     Implement the design of a system through install, test, acceptance phases ",,x,,,,,,,,,,,,,,,,,x,x,x,x,,,,x,,,,,,,,,IS,,,
,"(5)     Develop techniques to evaluate, maintain, and improve services and systems ",,x,,,,,,,,,,,,,,,,,,,,x,x,,x,x,,,,,,,,,IS,,,
CIS_340,CIS: 2  CS: 1  MIS: 2  SE: 2,,,,,,,,,,1,1,,,,,,,,1,1,1,1,1,,,1,,,,,,,,,IS,,,
Multi-Tiered Systems,(1)     Identify the components and issues of multi-tiered systems,,,,,,,,,,x,,,,,,,,,,,,,x,,,,,,,,,,,,IS,,,
,(2)     Understand operating systems as control component to tiered systems,,,,,,,,,,x,,,,,,,,,,,,,x,,,,,,,,,,,,IS,,,
,(3)     Explore tools for analyzing and monitoring tiered systems,,,,,,,,,,,,,,,,,,,x,,,,,,,,,,,,,,,,IS,,,
,"(4)     Describe the interactions between reliability, security, cost, and performance aspects",,,,,,,,,,,,,,,,,,,,,,x,,,,x,,,,,,,,,IS,,,
,(5)     Use middleware technology to enable system integrations,,,,,,,,,,x,x,,,,,,,,x,x,x,,x,,,,,,,,,,,,IS,,,
CIS_350_01,CIS: 10  CS: 0  MIS: 0  SE: 0,1,1,,1,1,1,1,1,1,1,1,,,,,,,,,,,,,,,,1,,,1,1,,1,1,SE,,,
Rqmts & Proj Mgmt,"1) Understand the role of requirements elicitation, analysis, documentation and negotiation in product development",,,,,,,,,x,x,x,,,,,,,,,,,,,,,,x,,,,x,,x,x,SE,,,
,2) Apply requirements engineering techniques to the development of a software specification,x,x,,x,x,x,x,,,x,,,,,,,,,,,,,,,,,x,,,x,x,,,x,SE,,,
,3) Utilize verification and validation techniques to improve/monitor the quality of project deliverables,,x,,x,x,x,x,x,,x,,,,,,,,,,,,,,,,,x,,,x,x,,,x,SE,,,
,4) Understand the roles and methods of effective software project management,,,,,,,,,x,x,x,,,,,,,,,,,,,,,,,,,,x,,,,SE,,,
CIS_355_01,CIS: 5  CS: 2  MIS: 0  SE: 0,1,,,,,,,,,1,1,1,1,,,1,,,1,1,1,,,,,,,1,1,,,,1,,"SE, IS, CS",,,
Database Mgmt System,Understand and apply multi-tiered components such as those provided by ADO.NET,x,,,,,,,,,x,x,x,,,,x,,,x,x,x,,,,,,,x,x,,,,x,,"SE, IS, CS",,,
,Develop a windows DB application in VB.NET,x,,,,,,,,,x,,x,x,,,x,,,,x,x,,,,,,,x,x,,,,x,,"SE, IS, CS",,,
,Develop a web-database application using ASP.NET,x,,,,,,,,,x,,x,x,,,x,,,,x,x,,,,,,,x,x,,,,x,,"SE, IS, CS",,,
CIS_360_01,CIS: 3  CS: 1  MIS: 0  SE: 0,1,,,,,,,,,1,,1,,,,1,,,,,,,,,,,,,,,,,,,CS,,,
Comparative Language,1) Understand the underlying principles of programming languages.,,,,,,,,,,x,x,,,,,x,,,,,,,,,,,,,,,,,,,CS,,,
,2) Understand the basic differences among various language families.,,,,,,,,,,x,,,,,,,,,,,,,,,,,,,,,,,,,CS,,,
,3) Write introductory programs in at least three different programming languages.,x,,,,,,,,,x,,x,x,,,,,,,,,,,,,,,,,,,,,,CS,,,
CIS_370,CIS: 4  CS: 2  MIS: 0  SE: 0,1,,,,,,,,,1,,1,1,,,1,1,,,,,,,,,,,,,,,,,,CS,,,
Compilers and language design,"1.        Understand how modern compilers are designed and implemented,.",,,,,,,,,,x,,,,,,x,x,,,,,,,,,,,,,,,,,,CS,,,
,2.        Understand basic concepts used when describing programming language specification.,,,,,,,,,,,,,,,,x,,,,,,,,,,,,,,,,,,,CS,,,
,3.        Implement part of a compiler.,x,,,,,,,,,,,x,x,,,,,,,,,,,,,,,,,,,,,,CS,,,
CIS_375_01,CIS: 0  CS: 0  MIS: 0  SE: 0,,,,,,,,,,,,,,,,,,,,,,,,,,,,,,,,,,,Elec,,,
Server Management,1) Understand advanced domain concepts.,,,,,,,,,,,,,,,,,,,,,,,,,,,,,,,,,,,Elec,,,
,2) Design a domain from the ground up.,,,,,,,,,,,,,,,,,,,,,,,,,,,,,,,,,,,Elec,,,
,3) Obtain an appreciation for contemporary systems administration issues.,,,,,,,,,,,,,,,,,,,,,,,,,,,,,,,,,,,Elec,,,
CIS_385_01,CIS: 3  CS: 0  MIS: 2  SE: 2,1,,,,,,,,,1,1,,,,,,,,,1,,,1,,,1,,,,,,,,,IS,,,
Network Dsgn/Mgmt,1) Understand advanced networking concepts.,,,,,,,,,,x,,,,,,,,,,,,,,,,,,,,,,,,,IS,,,
,2) Design networks from the ground up.,x,,,,,,,,,x,,,,,,,,,,x,,,x,,,x,,,,,,,,,IS,,,
,3) Obtain an appreciation for contemporary networking issues.,,,,,,,,,,x,x,,,,,,,,,,,,,,,,,,,,,,,,IS,,,
CIS_386_01,CIS: 3  CS: 1  MIS: 2  SE: 2,1,,,,,,,,,1,1,,,,,,,,1,1,1,,1,,,1,,,,,,,,,IS,,,
Netwrk Dsgn/Mgmt Lab,1) Configure network decisions.,,,,,,,,,,x,x,,,,,,,,x,x,,,x,,,,,,,,,,,,IS,,,
,2) Design and set-up networks using appropriate devices,x,,,,,,,,,x,x,,,,,,,,,x,x,,x,,,x,,,,,,,,,IS,,,
CIS_390_01,CIS: 5  CS: 1  MIS: 0  SE: 0,1,,,,,,,,,1,,1,1,1,,,1,,,,,,,,,,,1,1,,,,,,"SE, CS",,,
Distributed Prog,1) Understand the basic concepts and methods of inter-process communications.,,,,,,,,,,x,,x,,,,,x,,,,,,,,,,,x,,,,,,,"SE, CS",,,
,2) Understand the basic concepts and methods of networking communications.,,,,,,,,,,x,,x,,,,,x,,,,,,,,,,,x,,,,,,,"SE, CS",,,
,3) Develop programs that use both inter-process and networking techniques to solve problems appropriate to the techniques.,x,,,,,,,,,x,,x,x,x,,,x,,,,,,,,,,,x,x,,,,,,"SE, CS",,,
CIS_394_01,CIS: 0  CS: 0  MIS: 0  SE: 0,,,,,,,,,,,,,,,,,,,,,,,,,,,,,,,,,,,Elec,,,
Advanced Multimedia Tech,1) Use Premiere Pro to Edit Sound and Video,,,,,,,,,,,,,,,,,,,,,,,,,,,,,,,,,,,Elec,,,
,2) Use Diretor MX development environment & toolset,,,,,,,,,,,,,,,,,,,,,,,,,,,,,,,,,,,Elec,,,
,"3) Use Video formats including DVD, Quicktime, & Windows Media",,,,,,,,,,,,,,,,,,,,,,,,,,,,,,,,,,,Elec,,,
,"4) Write and understand Lingo, Director's OO scripting language",,,,,,,,,,,,,,,,,,,,,,,,,,,,,,,,,,,Elec,,,
CIS_400_01,CIS: 0  CS: 0  MIS: 0  SE: 0,,,,,,,,,,,,,,,,,,,,,,,,,,,,,,,,,,,Elec,,,
Internship ,1) To extend professional capabilities by self-study into an area prompted by the work experience,,,,,,,,,,,,,,,,,,,,,,,,,,,,,,,,,,,Elec,,,
,2) To gain insight about the business and professional world as it relates to the major.,,,,,,,,,,,,,,,,,,,,,,,,,,,,,,,,,,,Elec,,,
,"3) To gain skill in professional, formal writing.",,,,,,,,,,,,,,,,,,,,,,,,,,,,,,,,,,,Elec,,,
CIS_438_01,CIS: 5  CS: 0  MIS: 0  SE: 0,1,,,1,1,,1,,,1,,,,,,,,,,,,,,,,,1,1,1,1,,,,1,SE,,,
Hum Intfc Design/Maint,1) Understand the purpose of human interfaces,,,,,,,,,,,,,,,,,,,,,,,,,,,x,,,,,,,x,SE,,,
,2) Analyze graphical user interface building blocks,x,,,x,x,,x,,,x,,,,,,,,,,,,,,,,,,x,x,,,,,,SE,,,
,3) Design & Build GUI using the 8 golden rules of interface design,x,,,,,,,,,x,,,,,,,,,,,,,,,,,,x,x,x,,,,,SE,,,
,4) Describe and apply the key issues in maintaining/extending software products,,,,,,,,,,x,x,,,,,,,,,,,,,,,,,,,,x,,,x,SE,,,
CIS_457_01,CIS: 12  CS: 1  MIS: 3  SE: 3,1,1,1,1,1,1,1,1,1,1,1,1,,,,,,,1,1,,1,1,1,1,,1,1,,,1,1,,,"SE, IS, CS",,,
Senior Design 1,"1) To employ active listening techniques in the exchange of ideas, concepts, and issues while maintaining respect for each other.",,x,,x,,x,,,,,,,,,,,,,,,,,,,,,,,,,,,,,"SE, IS, CS",,,
,"2) To identify a systems design problem, operate within a team, and complete a preliminary design.",x,x,,,,,,x,,,,x,,,,,,,x,x,,x,x,x,x,,x,x,,,x,x,,,"SE, IS, CS",,,
,"3) To synthesize issues, meaning, faith, justice and morality when living within their professions.",,,x,,,,,,x,,,,,,,,,,,,,,,,,,,,,,,,,,"SE, IS, CS",,,
,"4) To write and to speak clearly in focused, well developed, logical, and grammatically correct English.",,,,x,x,x,x,x,,,,,,,,,,,,,,,,,,,,,,,,,,,"SE, IS, CS",,,
,5) To gather and to synthesize information from various printed and electronic sources as supporting material.,,,,x,,x,,,,x,x,,,,,,,,,,,,,,,,,,,,,,,,"SE, IS, CS",,,
CIS_458_01,CIS: 11  CS: 1  MIS: 1  SE: 1,1,1,,1,1,1,1,1,,1,1,1,1,,,,,1,,1,1,1,,,,1,1,1,1,1,1,1,,1,"SE, IS, CS",,,
Senior Design 2 Lab,"1) To design and implement the specifications of a systems project, to function within a team, and to complete a working prototype",x,,,,,,,x,,,,x,x,,,,,x,,x,x,x,,,,x,x,x,x,x,x,x,,x,"SE, IS, CS",,,
,"2) To write and speak clearly in focused, well developed, logical, and grammatically correct English",,,,x,x,x,x,x,,,,,,,,,,,,,,,,,,,,,,,,,,,"SE, IS, CS",,,
,3) To gather synthesize information from various printed and electronic sources as supporting material,,,,x,,x,,,,x,x,,,,,,,,,,,,,,,,,,,,,,,,"SE, IS, CS",,,
,"4) To employ active listening techniques in the exchange of ideas, concepts, and issues while maintaining respect for each other",,x,,x,,x,,,,,,,,,,,,,,,,,,,,,,,,,,,,,"SE, IS, CS",,,
CIS_490_01,CIS: 0  CS: 0  MIS: 0  SE: 0,,,,,,,,,,,,,,,,,,,,,,,,,,,,,,,,,,,Elec,,,
Adv Database Mgt Systems,1) Describe database concepts and models,,,,,,,,,,,,,,,,,,,,,,,,,,,,,,,,,,,Elec,,,
,2) Construct a relational database,,,,,,,,,,,,,,,,,,,,,,,,,,,,,,,,,,,Elec,,,
,3) Execute and build queries,,,,,,,,,,,,,,,,,,,,,,,,,,,,,,,,,,,Elec,,,
CIS_415,CIS: 4  CS: 0  MIS: 0  SE: 0,,1,,,1,,1,,,,1,,,,,,,,,,,,,,,,,,,1,1,,,1,SE,,,
Software Testing and Quality Assurance,1) Describe the role of testing in the development and quality assurance of software systems,,x,,,,,,,,,,,,,,,,,,,,,,,,, , , ,, x,,,,SE,,,
,"2) Apply test techniques to develop effective unit, integration and system tests",,,,,x,,x,,,,x,,,,,,,,,,,,,,,,,,,x,x ,,x ,,,,,
,3) Utilize software quality metrics to quantify and describe the quality of software artifacts,,,,,,,,,,,,,,,,,,,,,,,,,,,,,,,x,,,x,,,,
ECE_337,CIS: 4  CS: 3  MIS: 0  SE: 0,1,,,,,,,,,1,1,1,,,1,1,1,1,,,,,,,,,,,1,,,,1,1,"SE, CS",,,
Computer Architecture,1)       Describe the interactions between computer software and underlying computer hardware.,,,,,,,,,,x,,,,,,,x,,,,,,,,,,,,,,,,,,"SE, CS",,,
,2)       Construct assembly language programs and describe their operation.,x,,,,,,,,,,,x,,,,,,,,,,,,,,,,,x,,,,,,"SE, CS",,,
,3)       Describe and apply different performance measures suitable for computer systems.,,,,,,,,,,,,,,,x,,,x,,,,,,,,,,,,,,,x,x,"SE, CS",,,
,4)       Evaluate the construction and effectiveness of pipelined and various memory architectures.,,,,,,,,,,x,x,,,,x,x,,x,,,,,,,,,,,,,,,x,x,"SE, CS",,,
CIS_3700,CIS: 0  CS: 0  MIS: 0  SE: 0,,,,,,,,,,,,,,,,,,,,,,,,,,,,,,,,,,,CS,,,
Basket Weaving ,,,,,,,,,,,,,,,,,,,,,,,,,,,,,,,,,,,,CS,,,
,,,,,,,,,,,,,,,,,,,,,,,,,,,,,,,,,,,,CS,,,
,,,,,,,,,,,,,,,,,,,,,,,,,,,,,,,,,,,,CS,,,
